Pure static;;;Static compared;;;Dynamic compared;;;Converted to dynamic;;
Assets editor;1;;uGridCellSize;918;;mouseMove;1;;Asset: 'data/assets/baked/tree.nx' is unloaded its main data. New status is: 'PreLoaded';3;
NX Texture Editor;1;;uGlobalGridSize;918;;Cancel action;1;;Skybox | Unloading of: /home/valerii/workspace/Nexium/data/assets/baked/skybox/default.nxsky;3;
PopUp;1;;uProjAndView;1836;;Toggle render mode;1;;Texture | Unloading of: /home/valerii/workspace/Nexium/data/assets/baked/code_document.nxtex;3;
Viewport;1;;uView;918;;Save [Ctrl];1;;Unloading of: /home/valerii/workspace/Nexium/data/assets/baked/code_document.nxtex;1;
Image viewer;1;;data/assets/baked/skybox/default.nxsky;2;;mouseRotation;1;;Texture | Unloading of: /home/valerii/workspace/Nexium/data/assets/baked/image_document.nxtex;3;
Assets;1;;data/assets/baked/image_document.nxtex;2;;selectObject;1;;Unloading of: /home/valerii/workspace/Nexium/data/assets/baked/image_document.nxtex;1;
W:;6;;pickUpColorFiller;1;;Move down;1;;Texture | Unloading of: /home/valerii/workspace/Nexium/data/assets/baked/folder.nxtex;3;
Y:;6;;grid;306;;Move left;1;;Texture | Unloading of: /home/valerii/workspace/Nexium/data/assets/baked/nxfile.nxtex;3;
X:;6;;skybox;309;;Move backward;1;;Unloading of: /home/valerii/workspace/Nexium/data/assets/baked/nxfile.nxtex;1;
Array;4;;uCameraPos;919;;Close editor;4;;GameInstance | Total FPS for this session: 134.89441086428582;3;
Logs;1;;StaticMeshBundle;2;;Move up;1;;GameInstance | {};1;
Root dock space;1;;outline;1;;Move right;1;;FPS: 137;1;
oFragColor;1;;ModalPopUp;14;;Move forward;1;;FPS: 138;3;
uSkybox;2;;data/assets/baked/document.nxtex;2;;;;;FPS: 139;4;
uView;307;;HorizontalLayout;9;;;;;FPS: 141;3;
uOutlineColor;1;;EditorSettingsEWC::KeymapItem;3;;;;;FPS: 142;1;
uOutlineSize;1;;N4Core3Gui8LabelRowINS0_9TextInputEEE;4;;;;;FPS: 97;1;
outline;2;;VerticalLayout;10;;;;;FPS: 22;1;
uPickingColor;1;;BaseEWC;10;;;;;17:43:37 [T] [AssetsManager] Skybox | Loading of: /home/valerii/workspace/Nexium/data/assets/baked/skybox/default.nxsky;3;
objectIdentifier;2;;BaseFloatEWC;14;;;;;17:43:37 [T] [AssetsManager] Texture | Loading of: /home/valerii/workspace/Nexium/data/assets/baked/nxfile.nxtex;3;
Text editor;1;;LogsWindowEWC;4;;;;;17:43:37 [T] [AssetsManager] Texture | Loading of: /home/valerii/workspace/Nexium/data/assets/baked/folder.nxtex;3;
uGridColorThin;1;;BaseMenuBarEWC;12;;;;;17:43:37 [T] [AssetsManager] Texture | Loading of: /home/valerii/workspace/Nexium/data/assets/baked/document.nxtex;3;
uGridCellSize;307;;EditorSettingsEWC::ColorItem;14;;;;;17:43:37 [D] [InputDevices] Mapping was created: 'selectObject';3;
defaultTextured;2;;objectIdentifier;1;;;;;17:43:37 [D] [InputDevices] Mapping was created: 'Toggle render mode';3;
data/assets/baked/skybox/default.nxsky;2;;EditorMenuBarWindowEWC;3;;;;;17:43:37 [D] [InputDevices] Mapping was created: 'Move left';3;
data/assets/baked/mesh3d/Nature/tree.nxmesh3d;1;;EditorSettingsEWC;6;;;;;17:43:37 [D] [InputDevices] Mapping was created: 'Move backward';3;
data/assets/baked/nxfile.nxtex;2;;data/assets/baked/nxfile.nxtex;2;;;;;17:43:37 [D] [InputDevices] Mapping was created: 'Move forward';3;
data/assets/baked/mesh3d/Nature/Tree5.nxmesh3d;1;;ModalECSSearchPopUpEWC;4;;;;;17:43:37 [I] [Graphics] ShaderProgram | The shader program 'skybox' linked successfully.;3;
data/assets/baked/mesh3d/Nature/Tree4.nxmesh3d;1;;NxEditorBaseEditorEWC;4;;;;;17:43:37 [D] [InputDevices] Mapping was created: 'Cancel action';3;
grid;307;;Layout;3;;;;;17:43:37 [D] [Graphics] ShaderProgram | Creating of the shader program 'skybox' is started.;3;
data/assets/baked/mesh3d/Nature/Tree2.nxmesh3d;1;;data/assets/baked/folder.nxtex;2;;;;;17:43:37 [I] [Graphics] ShaderManager | Was found shader: skybox;3;
data/assets/baked/mesh3d/Nature/Tree1.nxmesh3d;1;;ImageViewerEWC;4;;;;;17:43:37 [I] [Graphics] ShaderProgram | The shader program 'pickUpColorFiller' linked successfully.;3;
uCameraObjectNDCDistance;1;;uSkybox;4;;;;;17:43:37 [I] [Graphics] ShaderManager | Was found shader: pickUpColorFiller;3;
data/assets/baked/mesh3d/Nature/SmallGrass.nxmesh3d;1;;ListView;3;;;;;FPS: 108;1;
data/assets/baked/mesh3d/Nature/Rock4.nxmesh3d;1;;data/assets/baked/code_document.nxtex;2;;;;;17:43:37 [I] [Graphics] ShaderProgram | The shader program 'outline' linked successfully.;3;
data/assets/baked/mesh3d/Nature/Rock3.nxmesh3d;1;;Widget;4;;;;;17:43:37 [D] [Graphics] ShaderProgram | Creating of the shader program 'outline' is started.;3;
data/assets/baked/mesh3d/Nature/Rock2.nxmesh3d;1;;N4Core3Gui9BaseArrayINS_21GraphicsComponentData13ModifierParamENS_43_GraphicsModifiersArray_ArrayCellViewerFuncENS_37_GraphicsModifiersArray_ViewFetchFuncEEE;3;;;;;17:43:37 [I] [Graphics] ShaderManager | Was found shader: outline;3;
data/assets/baked/mesh3d/Nature/Rock1.nxmesh3d;1;;Spectator;3;;;;;17:43:37 [I] [Graphics] ShaderProgram | The shader program 'grid' linked successfully.;3;
data/assets/baked/mesh3d/Nature/RegularGrass.nxmesh3d;1;;data/assets/baked/fireHydrant.nx;1;;;;;17:43:37 [D] [Graphics] ShaderProgram | Creating of the shader program 'grid' is started.;3;
BaseInput;1;;ArrayCell;3;;;;;17:43:37 [I] [Graphics] ShaderProgram | The shader program 'defaultTextured' linked successfully.;3;
Menu Bar;1;;defaultTextured;1;;;;;Texture | Unloading of: /home/valerii/workspace/Nexium/data/assets/baked/document.nxtex;3;
pickUpColorFiller;2;;GameViewportEWC;3;;;;;17:43:37 [T] [AssetsManager] {};8;
ToggleButton;1;;CheckBox;3;;;;;17:43:37 [D] [Graphics] Window | OpenGL version: 4.6 (Core Profile) Mesa 26.0.5-arch1.1;3;
ArrayCell;1;;N4Core3Gui8NumInputIiEE;4;;;;;17:43:37 [D] [Graphics] {};10;
ComboModelBased;1;;NxECSBasedEditorEWC;3;;;;;17:43:37 [D] [{}] {};23;
Gizmo;1;;uProj;921;;;;;17:43:37 [T] [Ecs] Type 'InvalidComponent' has been registered.;3;
Light;3;;RootDockWindowEWC;6;;;;;17:43:37 [T] [Ecs] Type 'N4Core3Gui8LabelRowINS0_8NumInputIfEEEE' has been registered.;3;
data/assets/baked/mesh3d/Nature/MapleTree2.nxmesh3d;1;;Spacer;3;;;;;17:43:37 [T] [Ecs] Type 'ECSEditorStaticMeshBundleAdapter' has been registered.;3;
data/assets/baked/mesh3d/Nature/Tree3.nxmesh3d;1;;ComboModelBased;6;;;;;17:43:37 [T] [Ecs] Type 'N4Core3Gui8LabelRowINS0_9BaseArrayINS_21GraphicsComponentData13ModifierParamENS_43_GraphicsModifiersArray_ArrayCellViewerFuncENS_37_GraphicsModifiersArray_ViewFetchFuncEEEEE' has been registered.;3;
data/assets/baked/mesh3d/Nature/DeadTree4.nxmesh3d;1;;N4Core3Gui8LabelRowINS0_11VecNumInputILm3EfEEEE;4;;;;;17:43:37 [T] [Ecs] Type 'N4Core3Gui8LabelRowINS0_11VecNumInputILm3EfEEEE' has been registered.;3;
StaticMeshBundle;3;;;;;;;;17:43:37 [T] [Ecs] Type 'Spacer' has been registered.;4;
RootDockWindowEWC;1;;;;;;;;17:43:37 [T] [Ecs] Type 'ListView' has been registered.;4;
uModel;5;;;;;;;;17:43:37 [T] [Ecs] Type 'BaseList' has been registered.;4;
uCameraPos;307;;;;;;;;17:43:37 [T] [Ecs] Type 'Label' has been registered.;4;
N4Core3Gui8LabelRowINS0_9BaseArrayI18aiPostProcessStepsNS_43_AssimpPostProcessArray_ArrayCellViewerFuncENS_37_AssimpPostProcessArray_ViewFetchFuncEEEEE;1;;;;;;;;17:43:37 [T] [Ecs] Type 'TextInput' has been registered.;4;
N4Core3Gui8NumInputIfEE;1;;;;;;;;17:43:37 [T] [Ecs] Type 'BaseInput' has been registered.;4;
N4Core3Gui11VecNumInputILm2EfEE;1;;;;;;;;17:43:37 [T] [Ecs] Type 'ComboView' has been registered.;4;
N4Core3Gui9BaseArrayINS_10BaseStringIcEENS0_32_StringArray_ArrayCellViewerFuncENS0_26_StringArray_ViewFetchFuncEEE;1;;;;;;;;17:43:37 [T] [Ecs] Type 'ImageButton' has been registered.;4;
ComboView;1;;;;;;;;17:43:37 [T] [Ecs] Type 'ToggleButton' has been registered.;4;
ObjectPropertiesWindowEWC;1;;;;;;;;17:43:37 [T] [Ecs] Type 'Gizmo' has been registered.;4;
WorldLightningEWC;1;;;;;;;;17:43:37 [I] [{}] {};14;
data/assets/baked/mesh3d/Nature/FlowerBush1.nxmesh3d;1;;;;;;;;17:43:37 [T] [Ecs] Type 'Actor' has been registered.;4;
EditorSettingsEWC::KeymapItem;1;;;;;;;;17:43:37 [T] [Ecs] Type 'BaseCamera' has been registered.;4;
N4Core3Gui9BaseArrayINS_21GraphicsComponentData13ModifierParamENS_43_GraphicsModifiersArray_ArrayCellViewerFuncENS_37_GraphicsModifiersArray_ViewFetchFuncEEE;1;;;;;;;;17:43:37 [T] [Ecs] Type 'SceneTreeWindowEWC' has been registered.;4;
Actor;1;;;;;;;;17:43:37 [T] [Ecs] Type 'N4Core3Gui8NumInputIfEE' has been registered.;4;
NxECSBasedEditorEWC;1;;;;;;;;Total FPS for this session: 134.89441086428582;1;
BaseMenuBarEWC;1;;;;;;;;17:43:37 [T] [Ecs] Type 'N4Core3Gui11VecNumInputILm3EfEE' has been registered.;4;
ShaderManagerEWC;1;;;;;;;;Unloading of: /home/valerii/workspace/Nexium/data/assets/baked/document.nxtex;1;
data/assets/baked/mesh3d/Nature/PalmTree1.nxmesh3d;1;;;;;;;;17:43:37 [T] [Ecs] Type 'N4Core3Gui9BaseArrayINS_21GraphicsComponentData13ModifierParamENS_43_GraphicsModifiersArray_ArrayCellViewerFuncENS_37_GraphicsModifiersArray_ViewFetchFuncEEE' has been registered.;5;
BaseEWC;1;;;;;;;;GLFW Error [65544]: EGL: Failed to clear current context: An EGLDisplay argument does not name a valid EGL display connection;3;
aNormal;2;;;;;;;;17:43:37 [D] [Graphics] Window | GLFW version: 4.60;3;
N4Core3Gui11VecNumInputILm3EfEE;1;;;;;;;;17:43:37 [T] [Ecs] Type 'N4Core3Gui9BaseArrayINS_10BaseStringIcEENS0_32_StringArray_ArrayCellViewerFuncENS0_26_StringArray_ViewFetchFuncEEE' has been registered.;5;
N4Core3Gui8LabelRowINS0_11VecNumInputILm2EiEEEE;1;;;;;;;;17:43:37 [T] [Ecs] Type 'ObjectPropertiesWindowEWC' has been registered.;5;
aPos;5;;;;;;;;17:43:37 [T] [Ecs] Type 'N4Core3Gui8NumInputIiEE' has been registered.;5;
data/assets/baked/mesh3d/Nature/PineTree5.nxmesh3d;1;;;;;;;;17:43:37 [I] [Graphics] ShaderProgram | The shader program 'objectIdentifier' linked successfully.;3;
ImageButton;1;;;;;;;;17:43:37 [T] [Ecs] Type 'N4Core3Gui11VecNumInputILm2EiEE' has been registered.;5;
data/assets/baked/folder.nxtex;2;;;;;;;;17:43:37 [T] [Ecs] Type 'ModalECSSearchPopUpEWC' has been registered.;5;
VerticalLayout;17;;;;;;;;17:43:37 [T] [Ecs] Type 'ModalAssetsSearchPopUpEWC' has been registered.;5;
EditorSettingsEWC::BaseListItem;1;;;;;;;;17:43:37 [T] [Ecs] Type 'ImageViewerEWC' has been registered.;6;
ECSEditorStaticMeshBundleAdapter;1;;;;;;;;17:43:37 [T] [Ecs] Type 'EditorSettingsEWC' has been registered.;6;
data/assets/baked/mesh3d/Nature/BirchTree4.nxmesh3d;1;;;;;;;;17:43:37 [T] [Ecs] Type 'BaseMenuBarEWC' has been registered.;7;
Settings;1;;;;;;;;17:43:37 [T] [Ecs] Type 'BaseFloatEWC' has been registered.;7;
N4Core3Gui11VecNumInputILm2EiEE;1;;;;;;;;17:43:37 [T] [Ecs] Type 'ECSBaseComponentAdapter' has been registered.;4;
data/assets/baked/mesh3d/Nature/Flower6.nxmesh3d;1;;;;;;;;17:43:37 [T] [Ecs] Type 'BaseEWC' has been registered.;7;
data/assets/baked/mesh3d/Nature/Bush3.nxmesh3d;1;;;;;;;;17:43:37 [T] [Ecs] Type 'AssetsManagerWindowEWC' has been registered.;7;
HorizontalLayout;53;;;;;;;;17:43:37 [I] [AssetsManager] {};1;
ModalECSSearchPopUp;1;;;;;;;;17:43:37 [T] [Ecs] Type 'Widget' has been registered.;8;
uGridColorThick;1;;;;;;;;17:43:37 [T] [Ecs] Type 'Button' has been registered.;4;
data/assets/baked/mesh3d/Nature/BirchTree1.nxmesh3d;1;;;;;;;;17:43:37 [T] [Ecs] Type 'Layout' has been registered.;9;
StaticMesh;1;;;;;;;;17:43:37 [T] [Ecs] Type 'HorizontalLayout' has been registered.;10;
Layout;1;;;;;;;;17:43:37 [T] [Ecs] {};74;
NxTextureEditorEWC;1;;;;;;;;17:43:37 [T] [{}] {};82;
Object Properties;1;;;;;;;;17:43:37 [D] [Graphics] Window | The window was created;3;
uProjAndView;312;;;;;;;;FPS: 59;1;
data/assets/baked/mesh3d/Nature/PineTree3.nxmesh3d;1;;;;;;;;Unloading of: /home/valerii/workspace/Nexium/data/assets/baked/folder.nxtex;1;
N4Core3Gui8LabelRowINS0_15ComboModelBasedEEE;1;;;;;;;;Loading of: /home/valerii/workspace/Nexium/data/assets/baked/skybox/default.nxsky;1;
ModalPopUp;1;;;;;;;;___ Viewport;3;
ECSEditorMimeAdapter;1;;;;;;;;___ Assets editor;3;
data/assets/baked/mesh3d/Nature/DeadTree9.nxmesh3d;1;;;;;;;;___ NX Texture Editor;3;
NxEditorBaseEditorEWC;1;;;;;;;;___ World Lightning;3;
EditorSettingsEWC;1;;;;;;;;ModalAssetsSearchPopUpEWC;1;
data/assets/baked/image_document.nxtex;2;;;;;;;;17:43:37 [D] [Graphics] ShaderProgram | Creating of the shader program 'defaultTextured' is started.;3;
ListModelBased;1;;;;;;;;Skybox | {};2;
Widget;1;;;;;;;;ModalECSSearchPopUp;1;
gizmo_move;1;;;;;;;;Cancel;2;
data/assets/baked/mesh3d/Nature/BirchTree3.nxmesh3d;1;;;;;;;;GLFW Error [65544]: {};1;
uTexture;3;;;;;;;;OK;2;
BaseCombo;1;;;;;;;;___ Image viewer;3;
Label;1;;;;;;;;___ Settings;3;
CheckBox;1;;;;;;;;___;2;
TextEditorEWC;1;;;;;;;;___;2;
ModalECSSearchPopUpEWC;1;;;;;;;;Texture | Loading of: /home/valerii/workspace/Nexium/data/assets/baked/nxfile.nxtex;3;
data/assets/baked/mesh3d/Nature/Flower2.nxmesh3d;1;;;;;;;;Loading of: /home/valerii/workspace/Nexium/data/assets/baked/nxfile.nxtex;1;
GameViewportEWC;1;;;;;;;;Texture | Loading of: /home/valerii/workspace/Nexium/data/assets/baked/folder.nxtex;3;
uProj;307;;;;;;;;Loading of: /home/valerii/workspace/Nexium/data/assets/baked/folder.nxtex;1;
N4Core3Gui8LabelRowINS0_8CheckBoxEEE;1;;;;;;;;17:43:37 [T] [AssetsManager] Successfully preloaded. New status is: 'PreLoaded'. Asset: data/assets/baked/fireHydrant.nx;3;
ImageViewerEWC;1;;;;;;;;Texture | Loading of: /home/valerii/workspace/Nexium/data/assets/baked/image_document.nxtex;3;
N4Core3Gui8LabelRowINS0_9TextInputEEE;1;;;;;;;;Texture | Loading of: /home/valerii/workspace/Nexium/data/assets/baked/code_document.nxtex;3;
ModalAssetsSearchPopUpEWC;2;;;;;;;;Loading of: /home/valerii/workspace/Nexium/data/assets/baked/code_document.nxtex;1;
SceneTreeWindowEWC;1;;;;;;;;Texture | Loading of: /home/valerii/workspace/Nexium/data/assets/baked/document.nxtex;3;
Spectator;1;;;;;;;;17:43:37 [T] [Ecs] Type 'TextEditorEWC' has been registered.;4;
data/assets/baked/mesh3d/Nature/Flower5.nxmesh3d;1;;;;;;;;___ Scene;3;
Button;1;;;;;;;;Origin;2;
uMinimalDistanceBetweenPixels;1;;;;;;;;Scale;2;
N4Core3Gui8NumInputIiEE;1;;;;;;;;H-Layout(W): Scale;2;
AssetsManagerWindowEWC;1;;;;;;;;17:43:37 [T] [Ecs] Type 'N4Core3Gui8LabelRowINS0_9BaseArrayINS_10BaseStringIcEENS0_32_StringArray_ArrayCellViewerFuncENS0_26_StringArray_ViewFetchFuncEEEEE' has been registered.;3;
TextInput;1;;;;;;;;17:43:37 [T] [Ecs] Type 'ModalPopUp' has been registered.;5;
Color3Input;1;;;;;;;;H-Layout(W): Rotation;2;
data/assets/baked/mesh3d/fireHydrant.nxmesh3d;1;;;;;;;;Z:;4;
BaseList;1;;;;;;;;Output size;2;
data/assets/baked/mesh3d/Nature/Flower4.nxmesh3d;1;;;;;;;;H:;2;
Input;19;;;;;;;;17:43:37 [D] [InputDevices] Mapping was created: 'Save [Ctrl]';3;
skybox;310;;;;;;;;W:;2;
data/assets/baked/mesh3d/Nature/MapleTree1.nxmesh3d;1;;;;;;;;Input: Near plane;2;
ListView;1;;;;;;;;17:43:37 [T] [Ecs] Type 'N4Core3Gui8LabelRowINS0_9BaseArrayI18aiPostProcessStepsNS_43_AssimpPostProcessArray_ArrayCellViewerFuncENS_37_AssimpPostProcessArray_ViewFetchFuncEEEEE' has been registered.;3;
World Lightning;1;;;;;;;;17:43:37 [T] [Ecs] Type 'ShaderManagerEWC' has been registered.;4;
EditorMenuBarWindowEWC;1;;;;;;;;Near plane;2;
data/assets/baked/fireHydrant.nx;1;;;;;;;;H-Layout(W): Near plane;2;
N4Core3Gui9BaseArrayI18aiPostProcessStepsNS_43_AssimpPostProcessArray_ArrayCellViewerFuncENS_37_AssimpPostProcessArray_ViewFetchFuncEEE;1;;;;;;;;Input: Far plane;2;
data/assets/baked/mesh3d/Nature/PineTree2.nxmesh3d;1;;;;;;;;17:43:37 [D] [InputDevices] {};13;
Separator;1;;;;;;;;Far plane;2;
Shader manager;1;;;;;;;;H-Layout(W): Far plane;2;
Spacer;5;;;;;;;;FOV;2;
Scene;1;;;;;;;;Creating of the shader program 'pickUpColorFiller' is started.;1;
aUV;2;;;;;;;;17:43:37 [I] [Graphics] ShaderManager | Was found shader: defaultTextured;3;
data/assets/baked/mesh3d/Nature/DeadTree3.nxmesh3d;1;;;;;;;;H-Layout(W): Position;2;
N4Core3Gui8LabelRowINS0_11VecNumInputILm3EfEEEE;1;;;;;;;;ShaderProgram | The shader program 'outline' linked successfully.;3;
data/assets/baked/tree.nx;1;;;;;;;;The shader program 'outline' linked successfully.;1;
data/assets/baked/document.nxtex;2;;;;;;;;Type 'BaseInput' has been registered.;3;
ECSEditorGraphicsComponentDataAdapter;1;;;;;;;;Type 'Label' has been registered.;3;
data/assets/baked/mesh3d/Nature/Flower1.nxmesh3d;1;;;;;;;;Type 'EditorMenuBarWindowEWC' has been registered.;3;
Z:;6;;;;;;;;17:43:37 [T] [Ecs] Type 'ArrayCell' has been registered.;4;
N4Core3Gui8LabelRowINS0_9BaseArrayINS_21GraphicsComponentData13ModifierParamENS_43_GraphicsModifiersArray_ArrayCellViewerFuncENS_37_GraphicsModifiersArray_ViewFetchFuncEEEEE;1;;;;;;;;Frame size(ration);2;
N4Core3Gui8LabelRowINS0_8NumInputIfEEEE;1;;;;;;;;ShaderProgram | The shader program 'objectIdentifier' linked successfully.;3;
InvalidComponent;1;;;;;;;;Type 'N4Core3Gui11VecNumInputILm2EiEE' has been registered.;3;
BaseComponent;1;;;;;;;;The shader program 'objectIdentifier' linked successfully.;1;
EditorSettingsEWC::ColorItem;1;;;;;;;;Type 'EditorSettingsEWC' has been registered.;3;
data/assets/baked/code_document.nxtex;2;;;;;;;;Mapping was created: 'Move down';3;
data/assets/baked/mesh3d/Nature/BirchTree2.nxmesh3d;1;;;;;;;;17:43:37 [T] [Ecs] Type 'ECSEditorGraphicsComponentDataAdapter' has been registered.;3;
data/assets/baked/mesh3d/Nature/BirchTree5.nxmesh3d;1;;;;;;;;H-Layout(W): Frame size(ration);2;
data/assets/baked/mesh3d/Nature/PalmTree3.nxmesh3d;1;;;;;;;;Add;8;
data/assets/baked/mesh3d/Nature/MapleTree5.nxmesh3d;1;;;;;;;;Creating of the shader program 'objectIdentifier' is started.;1;
BaseCamera;1;;;;;;;;ShaderManager | Was found shader: objectIdentifier;3;
N4Core3Gui8LabelRowINS0_9BaseArrayINS_10BaseStringIcEENS0_32_StringArray_ArrayCellViewerFuncENS0_26_StringArray_ViewFetchFuncEEEEE;1;;;;;;;;Was found shader: objectIdentifier;1;
data/assets/baked/mesh3d/Nature/Bush1.nxmesh3d;1;;;;;;;;17:43:37 [D] [Graphics] ShaderManager | Was loaded 6 shaders.;3;
LogsWindowEWC;1;;;;;;;;17:43:37 [T] [Ecs] Type 'RootDockWindowEWC' has been registered.;4;
data/assets/baked/mesh3d/Nature/Bush2.nxmesh3d;1;;;;;;;;The shader program 'grid' linked successfully.;1;
data/assets/baked/mesh3d/Nature/DeadTree1.nxmesh3d;1;;;;;;;;lightDir;3;
data/assets/baked/mesh3d/Nature/Flower7.nxmesh3d;1;;;;;;;;color;6;
data/assets/baked/mesh3d/Nature/DeadTree10.nxmesh3d;1;;;;;;;;___ Object Properties;3;
data/assets/baked/mesh3d/Nature/DeadTree2.nxmesh3d;1;;;;;;;;17:43:37 [T] [Ecs] Type 'Spectator' has been registered.;4;
data/assets/baked/mesh3d/Nature/PineTree4.nxmesh3d;1;;;;;;;;specularPow;6;
BaseFloatEWC;1;;;;;;;;minLightStrength;6;
data/assets/baked/mesh3d/Nature/DeadTree5.nxmesh3d;1;;;;;;;;17:43:37 [T] [Ecs] Type 'EditorMenuBarWindowEWC' has been registered.;6;
data/assets/baked/mesh3d/Nature/DeadTree6.nxmesh3d;1;;;;;;;;VAO ID;2;
data/assets/baked/mesh3d/Nature/DeadTree7.nxmesh3d;1;;;;;;;;The shader program 'defaultTextured' linked successfully.;1;
data/assets/baked/mesh3d/Nature/DeadTree8.nxmesh3d;1;;;;;;;;ShaderProgram | Creating of the shader program 'defaultTextured' is started.;3;
data/assets/baked/mesh3d/Nature/FlowerBush2.nxmesh3d;1;;;;;;;;W;2;
data/assets/baked/mesh3d/Nature/Rock5.nxmesh3d;1;;;;;;;;H-Layout(W): FOV;2;
data/assets/baked/mesh3d/Nature/FlowerBush3.nxmesh3d;1;;;;;;;;Creating of the shader program 'defaultTextured' is started.;1;
data/assets/baked/mesh3d/Nature/Flower3.nxmesh3d;1;;;;;;;;Registered new asset path: /home/valerii/workspace/Nexium/data;2;
data/assets/baked/mesh3d/Nature/MapleTree3.nxmesh3d;1;;;;;;;;ShaderManager | Was found shader: grid;3;
ECSEditorActorAdapter;1;;;;;;;;H-Layout(RO): Parent;2;
data/assets/baked/mesh3d/Nature/MapleTree4.nxmesh3d;1;;;;;;;;ShaderManager | Was found shader: defaultTextured;3;
ECSBaseComponentAdapter;1;;;;;;;;Type 'AssetsManagerWindowEWC' has been registered.;3;
data/assets/baked/mesh3d/Nature/PalmTree2.nxmesh3d;1;;;;;;;;17:43:37 [D] [InputDevices] Mapping was created: 'Move up';3;
uGlobalGridSize;307;;;;;;;;ShaderManager | {};7;
data/assets/baked/mesh3d/Nature/PineTree1.nxmesh3d;1;;;;;;;;Was found shader: defaultTextured;1;
FragColor;5;;;;;;;;Input: Sub-render meshes;2;
data/assets/baked/mesh3d/Nature/PalmTree4.nxmesh3d;1;;;;;;;;Successfully preloaded. New status is: 'PreLoaded'. Asset: data/assets/baked/tree.nx;3;
data/assets/baked/mesh3d/Nature/PalmTree5.nxmesh3d;1;;;;;;;;CheckBox: Disabled ticks;2;
;;;;;;;;;17:43:37 [T] [Ecs] Type 'N4Core3Gui9BaseArrayI18aiPostProcessStepsNS_43_AssimpPostProcessArray_ArrayCellViewerFuncENS_37_AssimpPostProcessArray_ViewFetchFuncEEE' has been registered.;3;
;;;;;;;;;Window | GLFW version: 4.60;3;
;;;;;;;;;Type 'N4Core3Gui8NumInputIfEE' has been registered.;3;
;;;;;;;;;Input: Active triangles;2;
;;;;;;;;;Input: Shader name;2;
;;;;;;;;;GLFW version: 4.60;1;
;;;;;;;;;Is initialized;2;
;;;;;;;;;Window | OpenGL version: 4.6 (Core Profile) Mesa 26.0.5-arch1.1;3;
;;;;;;;;;17:43:37 [T] [Ecs] Type 'ECSEditorMimeAdapter' has been registered.;5;
;;;;;;;;;FireHydrant;2;
;;;;;;;;;Unloading of: /home/valerii/workspace/Nexium/data/assets/baked/skybox/default.nxsky;1;
;;;;;;;;;OpenGL version: 4.6 (Core Profile) Mesa 26.0.5-arch1.1;1;
;;;;;;;;;Window | The window was created;3;
;;;;;;;;;17:43:37 [I] [Graphics] ShaderManager | Was found shader: grid;3;
;;;;;;;;;Type 'N4Core3Gui9BaseArrayINS_10BaseStringIcEENS0_32_StringArray_ArrayCellViewerFuncENS0_26_StringArray_ViewFetchFuncEEE' has been registered.;3;
;;;;;;;;;Type 'N4Core3Gui8LabelRowINS0_9BaseArrayINS_21GraphicsComponentData13ModifierParamENS_43_GraphicsModifiersArray_ArrayCellViewerFuncENS_37_GraphicsModifiersArray_ViewFetchFuncEEEEE' has been registered.;3;
;;;;;;;;;Type 'LogsWindowEWC' has been registered.;3;
;;;;;;;;;Type 'ObjectPropertiesWindowEWC' has been registered.;3;
;;;;;;;;;Type 'Gizmo' has been registered.;3;
;;;;;;;;;specularStrength;6;
;;;;;;;;;17:43:37 [I] [Graphics] ShaderManager | Was found shader: objectIdentifier;3;
;;;;;;;;;Input: VAO ID;2;
;;;;;;;;;17:43:37 [T] [Ecs] Type 'NxTextureEditorEWC' has been registered.;5;
;;;;;;;;;___;2;
;;;;;;;;;Type 'N4Core3Gui8LabelRowINS0_11VecNumInputILm3EfEEEE' has been registered.;3;
;;;;;;;;;[AssetImpl::Factory] Asset type N4Core16StaticMeshBundleE has registered.;3;
;;;;;;;;;Creating of the shader program 'outline' is started.;1;
;;;;;;;;;H-Layout(W): Origin;2;
;;;;;;;;;Type 'ListModelBased' has been registered.;3;
;;;;;;;;;Creating of the shader program 'grid' is started.;1;
;;;;;;;;;ShaderProgram | {};12;
;;;;;;;;;ShaderManager | Was found shader: skybox;3;
;;;;;;;;;Type 'ECSBaseComponentAdapter' has been registered.;3;
;;;;;;;;;Loading of: /home/valerii/workspace/Nexium/data/assets/baked/document.nxtex;1;
;;;;;;;;;selectObject;1;
;;;;;;;;;N4Core3Gui9BaseArrayINS_21GraphicsComponentData13ModifierParamENS_43_GraphicsModifiersArray_ArrayCellViewerFuncENS_37_GraphicsModifiersArray_ViewFetchFuncEEE: {};1;
;;;;;;;;;Was loaded 6 shaders.;1;
;;;;;;;;;H-Layout(RO): Shader name;2;
;;;;;;;;;17:43:37 [T] [Ecs] Type 'StaticMesh' has been registered.;4;
;;;;;;;;;Input: Parent;2;
;;;;;;;;;17:43:37 [T] [AssetsManager] Successfully preloaded. New status is: 'PreLoaded'. Asset: data/assets/baked/tree.nx;3;
;;;;;;;;;Type 'N4Core3Gui8NumInputIiEE' has been registered.;3;
;;;;;;;;;Spacer;4;
;;;;;;;;;ShaderProgram | Creating of the shader program 'grid' is started.;3;
;;;;;;;;;17:43:37 [I] [Global] {};1;
;;;;;;;;;ShaderProgram | Creating of the shader program 'outline' is started.;3;
;;;;;;;;;Tree;2;
;;;;;;;;;Type 'N4Core3Gui8LabelRowINS0_11VecNumInputILm2EiEEEE' has been registered.;3;
;;;;;;;;;Input: Texture ID;2;
;;;;;;;;;Input: Triangles;2;
;;;;;;;;;ShaderProgram | Creating of the shader program 'objectIdentifier' is started.;3;
;;;;;;;;;Type 'NxECSBasedEditorEWC' has been registered.;3;
;;;;;;;;;Filter...;2;
;;;;;;;;;Ecs;74;
;;;;;;;;;Type 'TextEditorEWC' has been registered.;3;
;;;;;;;;;H-Layout(RO): Output size;2;
;;;;;;;;;Move forward;1;
;;;;;;;;;H-Layout(RO): Children;2;
;;;;;;;;;17:43:37 [I] [Global] [AssetImpl::Factory] Asset type N4Core16StaticMeshBundleE has registered.;4;
;;;;;;;;;17:43:37 [T] [Ecs] Type 'GameViewportEWC' has been registered.;6;
;;;;;;;;;Type 'ToggleButton' has been registered.;3;
;;;;;;;;;D;2;
;;;;;;;;;Type 'ShaderManagerEWC' has been registered.;3;
;;;;;;;;;viewPos;6;
;;;;;;;;;Type 'N4Core3Gui8LabelRowINS0_9TextInputEEE' has been registered.;3;
;;;;;;;;;ShaderProgram | The shader program 'defaultTextured' linked successfully.;3;
;;;;;;;;;Graphics;22;
;;;;;;;;;Mapping was created: 'Cancel action';3;
;;;;;;;;;ShaderManager | Was found shader: outline;3;
;;;;;;;;;Type 'BaseCamera' has been registered.;3;
;;;;;;;;;FPS: 76;1;
;;;;;;;;;17:43:37 [D] [Graphics] ShaderProgram | Creating of the shader program 'pickUpColorFiller' is started.;3;
;;;;;;;;;Texture | {};10;
;;;;;;;;;Mapping was created: 'Move backward';3;
;;;;;;;;;Mapping was created: 'mouseRotation';3;
;;;;;;;;;17:43:37 [T] [Ecs] Type 'N4Core3Gui8LabelRowINS0_11VecNumInputILm2EiEEEE' has been registered.;5;
;;;;;;;;;ambientStrength;2;
;;;;;;;;;Type 'N4Core3Gui8LabelRowINS0_8CheckBoxEEE' has been registered.;3;
;;;;;;;;;Type;2;
;;;;;;;;;Type 'ModalPopUp' has been registered.;3;
;;;;;;;;;Type 'ImageViewerEWC' has been registered.;3;
;;;;;;;;;Texture ID;2;
;;;;;;;;;17:43:37 [T] [AssetsManager] Texture | Loading of: /home/valerii/workspace/Nexium/data/assets/baked/image_document.nxtex;3;
;;;;;;;;;Type 'RootDockWindowEWC' has been registered.;3;
;;;;;;;;;Graphic modifier;2;
;;;;;;;;;___ Assets;3;
;;;;;;;;;Sub-render bundles;2;
;;;;;;;;;Type 'Spacer' has been registered.;3;
;;;;;;;;;Type 'GameViewportEWC' has been registered.;3;
;;;;;;;;;___ Shader manager;3;
;;;;;;;;;ShaderProgram | The shader program 'grid' linked successfully.;3;
;;;;;;;;;___ Text editor;3;
;;;;;;;;;Type 'N4Core3Gui9BaseArrayI18aiPostProcessStepsNS_43_AssimpPostProcessArray_ArrayCellViewerFuncENS_37_AssimpPostProcessArray_ViewFetchFuncEEE' has been registered.;3;
;;;;;;;;;Type 'Color3Input' has been registered.;3;
;;;;;;;;;17:43:37 [T] [Ecs] Type 'N4Core3Gui8LabelRowINS0_15ComboModelBasedEEE' has been registered.;3;
;;;;;;;;;Type 'BaseEWC' has been registered.;3;
;;;;;;;;;17:43:37 [T] [Ecs] Type 'Color3Input' has been registered.;4;
;;;;;;;;;Was found shader: skybox;1;
;;;;;;;;;Asset: 'data/assets/baked/fireHydrant.nx' is unloaded its main data. New status is: 'PreLoaded';3;
;;;;;;;;;Position;2;
;;;;;;;;;Type 'ModalAssetsSearchPopUpEWC' has been registered.;3;
;;;;;;;;;Input: Sub-render bundles;2;
;;;;;;;;;Type 'HorizontalLayout' has been registered.;3;
;;;;;;;;;Type 'ECSEditorMimeAdapter' has been registered.;3;
;;;;;;;;;Disabled ticks;2;
;;;;;;;;;Type 'ComboView' has been registered.;3;
;;;;;;;;;Window | {};3;
;;;;;;;;;Move left;1;
;;;;;;;;;Type 'NxEditorBaseEditorEWC' has been registered.;3;
;;;;;;;;;17:43:37 [T] [Ecs] Type 'StaticMeshBundle' has been registered.;4;
;;;;;;;;;Type 'Layout' has been registered.;3;
;;;;;;;;;Mapping was created: 'Move forward';3;
;;;;;;;;;Type 'BaseList' has been registered.;3;
;;;;;;;;;Type 'EditorSettingsEWC::ColorItem' has been registered.;3;
;;;;;;;;;Move down;1;
;;;;;;;;;17:43:37 [D] [InputDevices] Mapping was created: 'mouseMove';3;
;;;;;;;;;Type 'BaseMenuBarEWC' has been registered.;3;
;;;;;;;;;17:43:37 [D] [InputDevices] Mapping was created: 'Move down';3;
;;;;;;;;;Creating of the shader program 'skybox' is started.;1;
;;;;;;;;;Successfully preloaded. New status is: 'PreLoaded'. Asset: data/assets/baked/fireHydrant.nx;3;
;;;;;;;;;Rotation;2;
;;;;;;;;;AssetsManager;17;
;;;;;;;;;17:43:37 [T] [Ecs] Type 'ECSEditorActorAdapter' has been registered.;3;
;;;;;;;;;Type 'N4Core3Gui8LabelRowINS0_9BaseArrayINS_10BaseStringIcEENS0_32_StringArray_ArrayCellViewerFuncENS0_26_StringArray_ViewFetchFuncEEEEE' has been registered.;3;
;;;;;;;;;Type 'EditorSettingsEWC::BaseListItem' has been registered.;3;
;;;;;;;;;17:43:37 [T] [Ecs] Type 'BaseCombo' has been registered.;4;
;;;;;;;;;___ Logs;3;
;;;;;;;;;17:43:37 [T] [Ecs] Type 'N4Core3Gui8LabelRowINS0_9TextInputEEE' has been registered.;5;
;;;;;;;;;Type 'SceneTreeWindowEWC' has been registered.;3;
;;;;;;;;;ShaderProgram | Creating of the shader program 'pickUpColorFiller' is started.;3;
;;;;;;;;;Was found shader: pickUpColorFiller;1;
;;;;;;;;;Input: Name;2;
;;;;;;;;;Input: Outline shader name;2;
;;;;;;;;;Type 'N4Core3Gui8LabelRowINS0_15ComboModelBasedEEE' has been registered.;3;
;;;;;;;;;Type 'Spectator' has been registered.;3;
;;;;;;;;;Mapping was created: 'Move up';3;
;;;;;;;;;Type 'Widget' has been registered.;3;
;;;;;;;;;Type 'WorldLightningEWC' has been registered.;3;
;;;;;;;;;Type 'N4Core3Gui11VecNumInputILm3EfEE' has been registered.;3;
;;;;;;;;;FPS: 143;3;
;;;;;;;;;17:43:37 [D] [InputDevices] Mapping was created: 'Close editor';3;
;;;;;;;;;Input: Type;2;
;;;;;;;;;Type 'TextInput' has been registered.;3;
;;;;;;;;;Type 'EditorSettingsEWC::KeymapItem' has been registered.;3;
;;;;;;;;;17:43:37 [T] [Ecs] Type 'EditorSettingsEWC::KeymapItem' has been registered.;6;
;;;;;;;;;Type 'Actor' has been registered.;3;
;;;;;;;;;mouseRotation;1;
;;;;;;;;;17:43:37 [T] [Ecs] Type 'EditorSettingsEWC::ColorItem' has been registered.;6;
;;;;;;;;;Type 'ModalECSSearchPopUpEWC' has been registered.;3;
;;;;;;;;;46;1;
;;;;;;;;;CheckBox: Hidden from scene;2;
;;;;;;;;;EBO ID;2;
;;;;;;;;;Type 'StaticMesh' has been registered.;3;
;;;;;;;;;Type 'StaticMeshBundle' has been registered.;3;
;;;;;;;;;17:43:37 [D] [InputDevices] Mapping was created: 'Move right';3;
;;;;;;;;;Loading of: /home/valerii/workspace/Nexium/data/assets/baked/image_document.nxtex;1;
;;;;;;;;;Type 'ArrayCell' has been registered.;3;
;;;;;;;;;17:43:37 [D] [Graphics] ShaderProgram | Creating of the shader program 'objectIdentifier' is started.;3;
;;;;;;;;;___;2;
;;;;;;;;;Type 'ImageButton' has been registered.;3;
;;;;;;;;;17:43:37 [I] [Graphics] {};12;
;;;;;;;;;Type 'N4Core3Gui8LabelRowINS0_8NumInputIfEEEE' has been registered.;3;
;;;;;;;;;The shader program 'pickUpColorFiller' linked successfully.;1;
;;;;;;;;;Was found shader: outline;1;
;;;;;;;;;ShaderProgram | The shader program 'pickUpColorFiller' linked successfully.;3;
;;;;;;;;;FPS: 144;2;
;;;;;;;;;lightPos;3;
;;;;;;;;;The shader program 'skybox' linked successfully.;1;
;;;;;;;;;17:43:37 [{}] [{}] {};119;
;;;;;;;;;ShaderProgram | The shader program 'skybox' linked successfully.;3;
;;;;;;;;;ShaderManager | Was loaded 6 shaders.;3;
;;;;;;;;;Type 'N4Core3Gui8LabelRowINS0_9BaseArrayI18aiPostProcessStepsNS_43_AssimpPostProcessArray_ArrayCellViewerFuncENS_37_AssimpPostProcessArray_ViewFetchFuncEEEEE' has been registered.;3;
;;;;;;;;;Close editor;1;
;;;;;;;;;17:43:37 [T] [Ecs] Type 'LogsWindowEWC' has been registered.;6;
;;;;;;;;;Type 'ECSEditorStaticMeshBundleAdapter' has been registered.;3;
;;;;;;;;;Sub-render meshes;2;
;;;;;;;;;InputDevices;13;
;;;;;;;;;H-Layout(W): Graphic modifier;2;
;;;;;;;;;Type 'N4Core3Gui9BaseArrayINS_21GraphicsComponentData13ModifierParamENS_43_GraphicsModifiersArray_ArrayCellViewerFuncENS_37_GraphicsModifiersArray_ViewFetchFuncEEE' has been registered.;3;
;;;;;;;;;Type 'Button' has been registered.;3;
;;;;;;;;;___;2;
;;;;;;;;;Was found shader: grid;1;
;;;;;;;;;Move right;1;
;;;;;;;;;17:43:37 [I] [AssetsManager] Registered new asset path: /home/valerii/workspace/Nexium/data;3;
;;;;;;;;;17:43:37 [T] [Ecs] Type 'EditorSettingsEWC::BaseListItem' has been registered.;6;
;;;;;;;;;Mapping was created: 'Move right';3;
;;;;;;;;;Framework;1;
;;;;;;;;;Move up;1;
;;;;;;;;;17:43:37 [T] [Ecs] Type 'WorldLightningEWC' has been registered.;4;
;;;;;;;;;17:43:37 [T] [Ecs] Type 'NxECSBasedEditorEWC' has been registered.;5;
;;;;;;;;;Active triangles;2;
;;;;;;;;;Mapping was created: 'Close editor';3;
;;;;;;;;;Save [Ctrl];1;
;;;;;;;;;Parent;2;
;;;;;;;;;Mapping was created: 'Save [Ctrl]';3;
;;;;;;;;;H-Layout(RO): Children count;2;
;;;;;;;;;Type 'InvalidComponent' has been registered.;3;
;;;;;;;;;Mapping was created: 'Toggle render mode';3;
;;;;;;;;;Type 'CheckBox' has been registered.;3;
;;;;;;;;;Cancel action;1;
;;;;;;;;;Move backward;1;
;;;;;;;;;mouseMove;1;
;;;;;;;;;Mapping was created: 'mouseMove';3;
;;;;;;;;;17:43:37 [T] [Ecs] Type 'Separator' has been registered.;4;
;;;;;;;;;#version 460;1;
;;;;;;;;;Type 'BaseFloatEWC' has been registered.;3;
;;;;;;;;;Mapping was created: 'selectObject';3;
;;;;;;;;;N4Core3Gui9BaseArrayINS_21GraphicsComponentData13ModifierParamENS_43_GraphicsModifiersArray_ArrayCellViewerFuncENS_37_GraphicsModifiersArray_ViewFetchFuncEEE: Graphic modifier;2;
;;;;;;;;;4.6;1;
;;;;;;;;;17:43:37 [T] [Ecs] Type 'NxEditorBaseEditorEWC' has been registered.;5;
;;;;;;;;;N4Core3Gui9BaseArrayINS_10BaseStringIcEENS0_32_StringArray_ArrayCellViewerFuncENS0_26_StringArray_ViewFetchFuncEEE: Children;2;
;;;;;;;;;Menu Bar;1;
;;;;;;;;;Global;2;
;;;;;;;;;HorizontalLayout;52;
;;;;;;;;;17:43:37 [T] [Ecs] Type 'N4Core3Gui11VecNumInputILm2EfEE' has been registered.;5;
;;;;;;;;;Y:;6;
;;;;;;;;;.*;2;
;;;;;;;;;H-Layout(RO): Triangles;2;
;;;;;;;;;Type 'ECSEditorGraphicsComponentDataAdapter' has been registered.;3;
;;;;;;;;;LogLevels;1;
;;;;;;;;;T;2;
;;;;;;;;;ShaderManager | Was found shader: pickUpColorFiller;3;
;;;;;;;;;I;2;
;;;;;;;;;Input: EBO ID;2;
;;;;;;;;;E;2;
;;;;;;;;;17:43:37 [T] [Ecs] Type 'ComboModelBased' has been registered.;4;
;;;;;;;;;C;2;
;;;;;;;;;VerticalLayout;16;
;;;;;;;;;H-Layout(RO): {};18;
;;;;;;;;;H-Layout(RO): Name;2;
;;;;;;;;;Type 'BaseCombo' has been registered.;3;
;;;;;;;;;Name;2;
;;;;;;;;;17:43:37 [D] [InputDevices] Mapping was created: 'mouseRotation';3;
;;;;;;;;;Type 'Separator' has been registered.;3;
;;;;;;;;;Type 'NxTextureEditorEWC' has been registered.;3;
;;;;;;;;;Array;4;
;;;;;;;;;Input: VBO ID;2;
;;;;;;;;;Toggle render mode;1;
;;;;;;;;;H-Layout(RO): Type;2;
;;;;;;;;;H-Layout(W): {};11;
;;;;;;;;;X:;6;
;;;;;;;;;Input;19;
;;;;;;;;;H-Layout(W): Enabled;2;
;;;;;;;;;Enabled;2;
;;;;;;;;;CheckBox: Enabled;2;
;;;;;;;;;H-Layout(RO): Sub-render meshes;2;
;;;;;;;;;17:43:37 [T] [Ecs] Type 'ListModelBased' has been registered.;4;
;;;;;;;;;Type 'VerticalLayout' has been registered.;3;
;;;;;;;;;Type 'N4Core3Gui11VecNumInputILm2EfEE' has been registered.;3;
;;;;;;;;;Root dock space;1;
;;;;;;;;;H-Layout(RO): Sub-render bundles;2;
;;;;;;;;;H-Layout(RO): Active triangles;2;
;;;;;;;;;17:43:37 [T] [AssetsManager] Texture | Loading of: /home/valerii/workspace/Nexium/data/assets/baked/code_document.nxtex;3;
;;;;;;;;;Skybox | Loading of: /home/valerii/workspace/Nexium/data/assets/baked/skybox/default.nxsky;3;
;;;;;;;;;ShaderProgram | Creating of the shader program 'skybox' is started.;3;
;;;;;;;;;H-Layout(RO): Hidden from scene;2;
;;;;;;;;;PopUp;1;
;;;;;;;;;H-Layout(RO): Outline shader name;2;
;;;;;;;;;Hidden from scene;2;
;;;;;;;;;Type 'ComboModelBased' has been registered.;3;
;;;;;;;;;Children count;2;
;;;;;;;;;Input: Children count;2;
;;;;;;;;;Input: FOV;2;
;;;;;;;;;H-Layout(RO): Is initialized;2;
;;;;;;;;;CheckBox: Is initialized;2;
;;;;;;;;;Children;2;
;;;;;;;;;17:43:37 [T] [Ecs] Type 'CheckBox' has been registered.;4;
;;;;;;;;;17:43:37 [T] [Ecs] Type 'VerticalLayout' has been registered.;8;
;;;;;;;;;Mapping was created: 'Move left';3;
;;;;;;;;;N4Core3Gui9BaseArrayINS_10BaseStringIcEENS0_32_StringArray_ArrayCellViewerFuncENS0_26_StringArray_ViewFetchFuncEEE: {};1;
;;;;;;;;;Save;8;
;;;;;;;;;Reset;8;
;;;;;;;;;17:43:37 [T] [Ecs] Type 'N4Core3Gui8LabelRowINS0_8CheckBoxEEE' has been registered.;5;
;;;;;;;;;Outline shader name;2;
;;;;;;;;;Type 'ListView' has been registered.;3;
;;;;;;;;;H-Layout(W): Disabled ticks;2;
;;;;;;;;;Triangles;2;
;;;;;;;;;H-Layout(RO): EBO ID;2;
;;;;;;;;;Type 'ECSEditorActorAdapter' has been registered.;3;
;;;;;;;;;Shader name;2;
;;;;;;;;;H-Layout(RO): VBO ID;2;
;;;;;;;;;VBO ID;2;
;;;;;;;;;H-Layout(RO): VAO ID;2;
;;;;;;;;;H-Layout(RO): Texture ID;2;
